City_ID,City,Country,Lat,Lng,Date,Max Temp,Humidity,Cloudiness,Wind Speed,Weather Description
0,Ushuaia,AR,-54.8,-68.3,2022-06-18 18:50:09,29.86,86,40,18.41,shower snow
1,Floro,NO,61.5996,5.0328,2022-06-18 18:50:09,53.56,71,75,24.16,broken clouds
2,Souillac,MU,-20.5167,57.5167,2022-06-18 18:50:10,68.38,88,40,8.05,scattered clouds
3,Boende,CD,-0.2167,20.8667,2022-06-18 18:50:10,70.29,93,96,0.63,overcast clouds
4,Torbay,CA,47.6666,-52.7314,2022-06-18 18:50:11,63.37,64,75,28.77,broken clouds
5,Keuruu,FI,62.2667,24.7,2022-06-18 18:50:11,57.79,98,100,5.35,overcast clouds
6,Hermanus,ZA,-34.4187,19.2345,2022-06-18 18:50:11,50.81,77,5,14.61,light rain
7,Cidreira,BR,-30.1811,-50.2056,2022-06-18 18:47:01,53.78,57,2,13.24,clear sky
8,Mar Del Plata,AR,-38.0023,-57.5575,2022-06-18 18:49:08,56.08,45,0,13.8,clear sky
9,Saldanha,ZA,-33.0117,17.9442,2022-06-18 18:50:12,55.45,69,12,9.42,few clouds
10,Arraial Do Cabo,BR,-22.9661,-42.0278,2022-06-18 18:50:13,75.16,78,40,14.97,scattered clouds
11,Ostrovnoy,RU,68.0531,39.5131,2022-06-18 18:50:13,40.15,96,100,9.46,overcast clouds
12,Victoria,HK,22.2855,114.1577,2022-06-18 18:49:04,84.38,85,100,11.01,overcast clouds
13,Longyearbyen,SJ,78.2186,15.6401,2022-06-18 18:50:13,42.64,75,75,14.97,broken clouds
14,Jamestown,US,42.097,-79.2353,2022-06-18 18:50:14,63.95,46,3,8.01,clear sky
15,Umm Lajj,SA,25.0213,37.2685,2022-06-18 18:50:14,88.05,50,0,7.34,clear sky
16,Iqaluit,CA,63.7506,-68.5145,2022-06-18 18:50:15,47.93,53,20,6.91,few clouds
17,Lebu,CL,-37.6167,-73.65,2022-06-18 18:50:15,49.37,65,100,0.85,overcast clouds
18,Mahibadhoo,MV,3.7833,72.9667,2022-06-18 18:50:15,82.81,75,100,11.12,overcast clouds
19,Ambilobe,MG,-13.2,49.05,2022-06-18 18:50:16,69.6,88,1,2.77,clear sky
20,Ponta Do Sol,PT,32.6667,-17.1,2022-06-18 18:50:16,76.01,78,14,6.29,few clouds
21,Piacabucu,BR,-10.4056,-36.4344,2022-06-18 18:50:16,78.37,81,10,5.82,clear sky
22,Weligama,LK,5.9667,80.4167,2022-06-18 18:50:17,78.12,86,100,4.88,overcast clouds
23,Malakal,SS,9.5334,31.6605,2022-06-18 18:50:17,80.89,53,100,4.54,overcast clouds
24,Busselton,AU,-33.65,115.3333,2022-06-18 18:50:18,59.18,70,86,20.4,overcast clouds
25,Riyadh,SA,24.6877,46.7219,2022-06-18 18:45:57,102.34,7,0,2.89,clear sky
26,Dikson,RU,73.5069,80.5464,2022-06-18 18:50:18,29.55,93,17,11.25,few clouds
27,Mattru,SL,7.6244,-11.8332,2022-06-18 18:50:18,74.17,94,100,3.15,light rain
28,Atasu,KZ,48.6814,71.6433,2022-06-18 18:50:19,67.12,50,31,3.65,scattered clouds
29,Ipixuna,BR,-1.7625,-48.8043,2022-06-18 18:50:19,83.5,66,100,2.37,overcast clouds
30,Grindavik,IS,63.8424,-22.4338,2022-06-18 18:50:19,52.27,76,0,13.8,clear sky
31,Bulaevo,KZ,54.9056,70.4439,2022-06-18 18:50:20,59.2,90,17,2.44,few clouds
32,Clyde River,CA,70.4692,-68.5914,2022-06-18 18:50:20,41.23,70,0,29.93,clear sky
33,Osmaniye,TR,37.0742,36.2478,2022-06-18 18:50:21,74.53,85,0,3.98,clear sky
34,Saint George,US,37.1041,-113.5841,2022-06-18 18:50:21,91.63,12,0,18.41,clear sky
35,Saint-Philippe,RE,-21.3585,55.7679,2022-06-18 18:50:21,67.59,81,71,8.9,broken clouds
36,Kyabe,TD,9.4515,18.9449,2022-06-18 18:50:22,79.23,64,100,4.72,overcast clouds
37,Nicoya,CR,10.1483,-85.452,2022-06-18 18:50:22,82.04,79,48,8.57,scattered clouds
38,Viedma,AR,-40.8135,-62.9967,2022-06-18 18:50:23,53.78,35,43,15.1,scattered clouds
39,Kuusamo,FI,65.9667,29.1833,2022-06-18 18:50:23,53.64,58,0,9.22,clear sky
40,Cape Town,ZA,-33.9258,18.4232,2022-06-18 18:50:23,56.88,81,40,5.75,light rain
41,Pangnirtung,CA,66.1451,-65.7125,2022-06-18 18:50:24,42.8,75,20,13.8,few clouds
42,Ushtobe,KZ,45.2514,77.9838,2022-06-18 18:50:24,69.69,29,0,6.96,clear sky
43,Arlit,NE,18.7369,7.3853,2022-06-18 18:50:25,98.55,12,90,8.81,overcast clouds
44,Qaanaaq,GL,77.484,-69.3632,2022-06-18 18:50:25,39.25,71,91,3.44,overcast clouds
45,Georgetown,MY,5.4112,100.3354,2022-06-18 18:49:40,79.9,96,40,2.3,scattered clouds
46,Nigde,TR,37.8333,34.75,2022-06-18 18:51:25,64.63,55,0,8.68,clear sky
47,Rocha,UY,-34.4833,-54.3333,2022-06-18 18:51:26,52.61,45,0,11.61,clear sky
48,Banyo,CM,6.75,11.8167,2022-06-18 18:51:26,63.68,93,100,2.8,overcast clouds
49,Wrzesnia,PL,52.3251,17.5652,2022-06-18 18:51:26,80.06,63,64,7.31,broken clouds
50,Salisbury,GB,51.0693,-1.7957,2022-06-18 18:51:27,58.01,82,100,17.81,light rain
51,Sabha,LY,27.0377,14.4283,2022-06-18 18:51:27,85.1,14,0,8.41,clear sky
52,Carutapera,BR,-1.195,-46.02,2022-06-18 18:51:28,83.26,71,10,8.97,clear sky
53,Hithadhoo,MV,-0.6,73.0833,2022-06-18 18:48:04,82.81,73,100,6.31,overcast clouds
54,Ribeira Grande,PT,38.5167,-28.7,2022-06-18 18:51:28,70.2,78,40,13.8,scattered clouds
55,Suluq,LY,31.6682,20.2521,2022-06-18 18:51:28,76.89,51,0,10.98,clear sky
56,East London,ZA,-33.0153,27.9116,2022-06-18 18:51:12,59.94,82,20,14.97,few clouds
57,Adre,TD,13.4667,22.2,2022-06-18 18:51:29,88.16,30,100,7.99,overcast clouds
58,Bengkulu,ID,-3.8004,102.2655,2022-06-18 18:49:19,75.51,90,63,3.09,broken clouds
59,Bredasdorp,ZA,-34.5322,20.0403,2022-06-18 18:51:29,52.3,79,1,10.89,clear sky
60,Kabwe,ZM,-14.4469,28.4464,2022-06-18 18:51:30,58.26,69,7,5.68,clear sky
61,Nizhniye Vyazovyye,RU,55.7988,48.5248,2022-06-18 18:51:30,56.12,93,36,5.46,scattered clouds
62,Zhezkazgan,KZ,47.8043,67.7144,2022-06-18 18:51:31,76.98,28,99,5.08,overcast clouds
63,Rock Sound,BS,24.9,-76.2,2022-06-18 18:51:31,81.84,69,18,5.66,few clouds
64,Port Elizabeth,ZA,-33.918,25.5701,2022-06-18 18:51:31,59.09,87,100,11.5,moderate rain
65,Narsaq,GL,60.9167,-46.05,2022-06-18 18:51:32,52.97,65,100,3.8,overcast clouds
66,Namibe,AO,-15.1961,12.1522,2022-06-18 18:51:32,62.46,87,14,7.27,few clouds
67,Mwense,ZM,-10.3845,28.698,2022-06-18 18:51:32,65.05,44,94,6.24,overcast clouds
68,Vardo,NO,70.3705,31.1107,2022-06-18 18:51:34,40.98,87,100,5.75,light intensity drizzle
69,Maldonado,UY,-34.6667,-54.9167,2022-06-18 18:51:34,56.59,41,0,12.66,clear sky
70,Gobabis,NA,-22.45,18.9667,2022-06-18 18:51:35,60.53,27,0,7.76,clear sky
71,Tulsipur,NP,28.131,82.2973,2022-06-18 18:51:35,78.17,66,41,1.54,scattered clouds
72,Minas Novas,BR,-17.2186,-42.5903,2022-06-18 18:51:35,87.51,18,0,2.37,clear sky
73,Upernavik,GL,72.7868,-56.1549,2022-06-18 18:51:36,33.42,92,99,25.23,overcast clouds
74,Mahebourg,MU,-20.4081,57.7,2022-06-18 18:51:36,69.26,88,40,8.05,scattered clouds
75,Pedreiras,BR,-4.5688,-44.6003,2022-06-18 18:51:36,87.06,63,37,3.44,scattered clouds
76,Shenkursk,RU,62.1091,42.896,2022-06-18 18:51:37,49.42,86,100,3.44,overcast clouds
77,Luderitz,NA,-26.6481,15.1594,2022-06-18 18:51:37,59.05,85,7,9.69,clear sky
78,Ottawa,CA,45.4112,-75.6981,2022-06-18 18:50:01,61.57,58,75,24.16,broken clouds
79,Maniitsoq,GL,65.4167,-52.9,2022-06-18 18:48:14,37.76,91,98,6.13,overcast clouds
80,Tombouctou,ML,20.0,-3.0,2022-06-18 18:51:38,88.47,37,100,7.83,overcast clouds
81,Sarishabari,BD,24.7333,89.8333,2022-06-18 18:51:38,78.46,93,100,7.38,overcast clouds
82,Touros,BR,-5.1989,-35.4608,2022-06-18 18:51:39,80.89,69,67,12.03,broken clouds
83,Le Port,RE,-20.9373,55.2919,2022-06-18 18:51:39,68.25,85,17,2.26,light rain
84,Bartica,GY,6.4,-58.6167,2022-06-18 18:51:39,82.72,90,94,4.36,overcast clouds
85,Aksay,RU,47.26,39.87,2022-06-18 18:51:40,68.22,48,99,4.38,overcast clouds
86,Plouzane,FR,48.3833,-4.6167,2022-06-18 18:51:40,60.98,94,100,21.85,overcast clouds
87,Vada,NL,51.97,5.6667,2022-06-18 18:51:40,79.05,69,75,11.5,broken clouds
88,Fonte Boa,BR,-2.4959,-66.2662,2022-06-18 18:51:41,91.15,42,90,4.18,overcast clouds
89,Olafsvik,IS,64.8945,-23.7142,2022-06-18 18:51:41,49.24,70,100,11.9,overcast clouds
90,Klaksvik,FO,62.2266,-6.589,2022-06-18 18:51:42,49.12,95,100,34.43,light rain
91,Brae,GB,60.3964,-1.353,2022-06-18 18:51:42,50.4,94,100,22.17,moderate rain
92,Andenes,NO,69.3143,16.1194,2022-06-18 18:51:42,49.98,81,100,12.66,drizzle
93,Castro,BR,-24.7911,-50.0119,2022-06-18 18:51:43,59.11,57,0,3.96,clear sky
94,Severodvinsk,RU,64.5635,39.8302,2022-06-18 18:51:35,48.31,83,99,2.82,overcast clouds
95,Borovskoy,KZ,53.8,64.15,2022-06-18 18:52:43,63.95,80,100,6.85,light rain
96,Pindushi,RU,62.9152,34.58,2022-06-18 18:52:44,51.37,84,100,5.79,overcast clouds
97,Roald,NO,62.5833,6.1333,2022-06-18 18:49:19,59.0,62,40,11.5,scattered clouds
98,Vangaindrano,MG,-23.35,47.6,2022-06-18 18:52:44,65.68,80,90,5.14,overcast clouds
99,Rio Gallegos,AR,-51.6226,-69.2181,2022-06-18 18:52:45,35.65,55,20,23.02,few clouds
100,Punta De Piedra,VE,7.6176,-71.4916,2022-06-18 18:52:45,78.98,89,80,1.28,broken clouds
101,Itapetinga,BR,-15.2489,-40.2478,2022-06-18 18:52:45,87.82,25,0,5.21,clear sky
102,Nanortalik,GL,60.1432,-45.2371,2022-06-18 18:50:39,47.8,72,100,13.78,light rain
103,Coquimbo,CL,-29.9533,-71.3436,2022-06-18 18:52:46,58.73,67,0,13.8,clear sky
104,Port Alfred,ZA,-33.5906,26.891,2022-06-18 18:52:46,62.06,72,100,13.27,overcast clouds
105,Taloda,IN,21.5667,74.2167,2022-06-18 18:52:47,83.64,75,98,14.38,overcast clouds
106,Maturin,VE,9.75,-63.1767,2022-06-18 18:52:47,90.03,42,29,10.74,scattered clouds
107,Jalesar,IN,27.4833,78.3167,2022-06-18 18:52:47,83.57,59,100,7.43,overcast clouds
108,Luba,GQ,3.4568,8.5547,2022-06-18 18:52:48,77.16,86,98,4.61,light rain
109,Dombarovskiy,RU,50.7587,59.5386,2022-06-18 18:52:48,65.41,82,99,6.04,overcast clouds
110,Virginia Beach,US,36.8529,-75.978,2022-06-18 18:49:53,86.05,52,20,17.27,few clouds
111,Walvis Bay,NA,-22.9575,14.5053,2022-06-18 18:52:49,57.09,87,0,14.99,clear sky
112,Mosquera,CO,4.7059,-74.2302,2022-06-18 18:52:49,66.29,48,75,4.61,broken clouds
113,San Cristobal,VE,7.7669,-72.225,2022-06-18 18:48:12,80.78,53,19,7.96,few clouds
114,Lagoa,PT,39.05,-27.9833,2022-06-18 18:52:50,64.47,85,98,17.67,overcast clouds
115,Dingle,PH,10.9995,122.6711,2022-06-18 18:52:51,77.65,88,57,2.06,moderate rain
116,Matagami,CA,49.7502,-77.6328,2022-06-18 18:52:51,50.11,57,75,21.85,broken clouds
117,Gat,IL,31.61,34.7642,2022-06-18 18:52:52,77.81,100,0,6.2,clear sky
118,Odesskoye,RU,54.2111,72.9651,2022-06-18 18:52:52,60.73,87,6,4.99,clear sky
119,Beloha,MG,-25.1667,45.05,2022-06-18 18:52:53,60.76,72,0,5.28,clear sky
120,Bonthe,SL,7.5264,-12.505,2022-06-18 18:52:53,78.42,80,100,11.99,light rain
121,Wesselsbron,ZA,-27.8549,26.3658,2022-06-18 18:52:53,54.41,35,7,6.17,clear sky
122,Graaff-Reinet,ZA,-32.2522,24.5308,2022-06-18 18:52:54,52.92,73,93,2.13,overcast clouds
123,Rincon,US,32.296,-81.2354,2022-06-18 18:52:54,94.86,55,75,5.75,broken clouds
124,Abay,KZ,49.6311,72.8539,2022-06-18 18:52:54,53.98,57,41,2.53,scattered clouds
125,Kalamnuri,IN,19.6667,77.3333,2022-06-18 18:52:55,82.56,71,100,3.4,overcast clouds
126,Lapa,BR,-25.7697,-49.7158,2022-06-18 18:49:00,58.28,51,0,3.04,clear sky
127,Dakar,SN,14.6937,-17.4441,2022-06-18 18:52:55,85.08,74,20,6.91,thunderstorm
128,Port Blair,IN,11.6667,92.75,2022-06-18 18:52:56,78.84,94,40,1.14,mist
129,Gamba,GA,-2.65,10.0,2022-06-18 18:52:56,71.6,83,82,7.07,broken clouds
130,Lagoa Da Canoa,BR,-9.8297,-36.7378,2022-06-18 18:52:57,74.5,90,77,7.29,broken clouds
131,Ilulissat,GL,69.2167,-51.1,2022-06-18 18:52:57,34.74,84,49,15.3,scattered clouds
132,Laguna,US,38.421,-121.4238,2022-06-18 18:51:41,74.75,46,0,4.61,clear sky
133,San Manuel Chaparron,GT,14.5167,-89.7667,2022-06-18 18:52:57,77.14,78,100,2.77,overcast clouds
134,Chuy,UY,-33.6971,-53.4616,2022-06-18 18:52:58,53.38,41,0,11.41,clear sky
135,Qaqortoq,GL,60.7167,-46.0333,2022-06-18 18:52:58,47.5,69,100,6.51,overcast clouds
136,Black River,JM,18.0264,-77.8487,2022-06-18 18:53:59,87.19,60,100,18.63,overcast clouds
137,Richards Bay,ZA,-28.783,32.0377,2022-06-18 18:53:59,65.23,65,0,12.5,clear sky
138,Cayenne,GF,4.9333,-52.3333,2022-06-18 18:54:00,86.04,10,75,11.5,broken clouds
139,Muros,ES,42.7762,-9.0603,2022-06-18 18:54:01,68.09,81,100,2.68,overcast clouds
140,Valdosta,US,30.8327,-83.2785,2022-06-18 18:54:02,89.55,62,40,9.22,scattered clouds
141,Meuselwitz,DE,51.05,12.3,2022-06-18 18:54:02,85.42,51,6,3.44,clear sky
142,Mahalapye,BW,-23.1041,26.8142,2022-06-18 18:54:03,60.28,36,0,3.78,clear sky
143,Los Llanos De Aridane,ES,28.6585,-17.9182,2022-06-18 18:51:53,71.13,79,20,19.57,few clouds
144,Carballo,ES,43.213,-8.691,2022-06-18 18:54:03,67.69,74,99,3.69,overcast clouds
145,Paita,PE,-5.0892,-81.1144,2022-06-18 18:54:04,70.54,68,8,17.05,clear sky
146,Masuguru,TZ,-11.3667,38.4167,2022-06-18 18:54:04,72.48,55,40,4.18,scattered clouds
147,Jalu,LY,29.0331,21.5482,2022-06-18 18:54:04,86.18,21,0,10.02,clear sky
148,Codrington,AU,-38.2667,141.9667,2022-06-18 18:54:05,43.48,92,22,9.62,few clouds
149,San Vicente De Canete,PE,-13.0751,-76.3835,2022-06-18 18:54:05,65.57,69,24,8.1,few clouds
150,Igrim,RU,63.1906,64.4162,2022-06-18 18:54:06,62.33,88,94,3.22,light rain
151,Montorio Al Vomano,IT,42.5831,13.6383,2022-06-18 18:54:06,73.94,70,8,1.32,clear sky
152,Changji,CN,44.0167,87.3167,2022-06-18 18:54:06,75.99,38,0,6.71,clear sky
153,Necochea,AR,-38.5473,-58.7368,2022-06-18 18:54:07,51.87,42,95,14.88,overcast clouds
154,Bandarbeyla,SO,9.4942,50.8122,2022-06-18 18:54:07,77.94,71,98,28.9,overcast clouds
155,Rawson,AR,-43.3002,-65.1023,2022-06-18 18:50:49,50.58,45,100,14.54,overcast clouds
156,Scunthorpe,GB,53.579,-0.6544,2022-06-18 18:54:07,56.98,88,100,5.01,moderate rain
157,Dhangadhi,NP,28.7079,80.5961,2022-06-18 18:54:08,85.6,47,100,3.78,overcast clouds
158,Saint-Augustin,CA,51.226,-58.6502,2022-06-18 18:54:08,51.67,99,100,7.94,overcast clouds
159,Panjab,AF,34.388,67.0233,2022-06-18 18:54:09,50.47,35,0,6.62,clear sky
160,Asfi,MA,32.2994,-9.2372,2022-06-18 18:54:09,70.47,73,0,17.74,clear sky
161,Tefe,BR,-3.3542,-64.7114,2022-06-18 18:54:09,91.51,49,20,11.5,few clouds
162,Tasiilaq,GL,65.6145,-37.6368,2022-06-18 18:54:10,38.79,86,84,5.03,broken clouds
163,Boca Do Acre,BR,-8.7522,-67.3978,2022-06-18 18:54:10,82.49,84,73,2.59,light rain
164,Hofn,IS,64.2539,-15.2082,2022-06-18 18:54:11,54.88,50,7,21.9,clear sky
165,Grand-Santi,GF,4.25,-54.3833,2022-06-18 18:54:11,81.34,90,44,2.62,scattered clouds
166,Marabba,SD,12.35,32.1833,2022-06-18 18:54:11,93.29,28,100,12.5,overcast clouds
167,Santa Fe,AR,-31.6333,-60.7,2022-06-18 18:54:12,66.99,28,22,8.99,light rain
168,Ust-Koksa,RU,50.2696,85.6108,2022-06-18 18:54:12,49.95,91,100,2.91,overcast clouds
169,Turukhansk,RU,65.8167,87.9833,2022-06-18 18:54:13,50.49,63,7,9.75,clear sky
170,Clarence Town,AU,-32.5833,151.7833,2022-06-18 18:54:13,55.85,95,100,3.44,overcast clouds
171,Decatur,US,39.8403,-88.9548,2022-06-18 18:53:41,80.87,28,0,12.66,clear sky
172,The Valley,AI,18.217,-63.0578,2022-06-18 18:51:57,87.66,66,20,13.8,few clouds
173,Zlitan,LY,32.4674,14.5687,2022-06-18 18:54:14,76.08,65,64,7.61,broken clouds
174,Talas,TR,38.6908,35.5538,2022-06-18 18:54:14,70.47,56,0,4.61,clear sky
175,Tessalit,ML,20.1986,1.0114,2022-06-18 18:54:15,88.52,30,100,11.68,light rain
176,Antofagasta,CL,-23.65,-70.4,2022-06-18 18:54:15,61.88,69,63,5.57,broken clouds
177,Kollam,IN,8.8833,76.6,2022-06-18 18:54:16,78.76,86,79,9.84,broken clouds
178,Den Helder,NL,52.9599,4.7593,2022-06-18 18:54:16,62.96,77,100,15.99,overcast clouds
179,Inhambane,MZ,-23.865,35.3833,2022-06-18 18:54:16,67.98,73,20,11.5,few clouds
180,Hearst,CA,49.6835,-83.6665,2022-06-18 18:55:17,64.65,23,5,10.13,clear sky
181,Quime,BO,-16.9833,-67.2167,2022-06-18 18:55:17,56.79,52,24,6.89,few clouds
182,Araguari,BR,-18.6472,-48.1872,2022-06-18 18:55:17,68.29,54,100,6.6,overcast clouds
183,Muravlenko,RU,63.7898,74.523,2022-06-18 18:55:18,61.57,50,100,7.34,overcast clouds
184,Grand Gaube,MU,-20.0064,57.6608,2022-06-18 18:55:08,69.39,75,23,4.0,few clouds
185,Goundam,ML,16.4145,-3.6708,2022-06-18 18:54:19,92.55,34,82,6.06,broken clouds
186,Salalah,OM,17.0151,54.0924,2022-06-18 18:55:18,82.44,84,87,8.41,overcast clouds
187,Punta Arenas,CL,-53.15,-70.9167,2022-06-18 18:53:08,35.71,60,0,12.66,clear sky
188,Arsk,RU,56.0915,49.8778,2022-06-18 18:55:19,56.1,92,89,6.51,overcast clouds
189,Lourdes,FR,43.1,-0.05,2022-06-18 18:55:19,92.68,38,0,5.75,clear sky
190,Gubkinskiy,RU,64.434,76.5026,2022-06-18 18:55:20,61.2,51,92,7.34,overcast clouds
191,Koslan,RU,63.4564,48.8989,2022-06-18 18:55:20,49.44,92,10,6.44,clear sky
192,Belmonte,BR,-15.8631,-38.8828,2022-06-18 18:52:14,76.64,66,0,8.46,clear sky
193,Thinadhoo,MV,0.5333,72.9333,2022-06-18 18:55:21,83.25,72,100,5.23,overcast clouds
194,Toccoa,US,34.5773,-83.3324,2022-06-18 18:55:21,93.65,36,0,0.0,clear sky
195,Bambous Virieux,MU,-20.3428,57.7575,2022-06-18 18:55:22,69.22,88,40,8.05,scattered clouds
196,Ichnya,UA,50.8626,32.3942,2022-06-18 18:55:22,58.21,83,12,4.45,few clouds
197,Sorland,NO,67.667,12.6934,2022-06-18 18:55:22,51.66,88,100,4.18,overcast clouds
198,Manicore,BR,-5.8092,-61.3003,2022-06-18 18:55:23,91.15,39,100,1.99,overcast clouds
199,Saint-Joseph,RE,-21.3667,55.6167,2022-06-18 18:55:23,66.58,81,50,7.29,scattered clouds
200,Urucara,BR,-2.5364,-57.76,2022-06-18 18:55:24,90.45,46,50,4.88,scattered clouds
201,Havelock,US,34.8791,-76.9013,2022-06-18 18:55:24,91.35,57,0,1.99,clear sky
202,Canavieiras,BR,-15.675,-38.9472,2022-06-18 18:51:03,80.56,65,0,6.87,clear sky
203,Constitucion,CL,-35.3333,-72.4167,2022-06-18 18:55:25,55.87,56,100,9.64,overcast clouds
204,Mandera,KE,3.9366,41.867,2022-06-18 18:55:25,82.4,42,8,10.69,clear sky
205,Butoiesti,RO,44.5833,23.3667,2022-06-18 18:55:26,74.03,59,67,6.42,broken clouds
206,Santa Rosa,PH,14.3122,121.1114,2022-06-18 18:55:26,82.38,83,26,3.2,scattered clouds
207,Manakara,MG,-22.1333,48.0167,2022-06-18 18:55:26,67.73,87,99,3.87,light rain
208,Serenje,ZM,-13.2325,30.2352,2022-06-18 18:55:27,53.96,74,64,5.1,broken clouds
209,Kaspiyskiy,RU,45.3929,47.3707,2022-06-18 18:55:27,76.51,46,10,8.79,clear sky
210,Iguatemi,BR,-23.6803,-54.5611,2022-06-18 18:55:28,60.57,54,0,6.33,clear sky
211,Cockburn Town,TC,21.4612,-71.1419,2022-06-18 18:55:28,85.96,66,40,12.66,scattered clouds
212,La Libertad,EC,-2.2333,-80.9,2022-06-18 18:55:28,71.26,78,100,12.66,overcast clouds
213,Kharp,RU,66.8014,65.8081,2022-06-18 18:55:29,58.51,89,96,5.82,overcast clouds
214,Olpad,IN,21.3333,72.75,2022-06-18 18:55:29,84.15,80,94,15.17,overcast clouds
215,Vuktyl,RU,63.8567,57.3094,2022-06-18 18:55:29,60.26,62,62,3.94,broken clouds
216,Saint-Pierre,RE,-21.3393,55.4781,2022-06-18 18:55:30,67.91,77,20,6.91,few clouds
217,Rio Tercero,AR,-32.173,-64.1141,2022-06-18 18:55:30,72.45,12,0,15.01,clear sky
218,Port-Gentil,GA,-0.7193,8.7815,2022-06-18 18:55:31,75.16,78,20,6.91,few clouds
219,Camana,PE,-16.6228,-72.7111,2022-06-18 18:55:31,64.47,68,59,6.93,broken clouds
220,Panama City,PA,8.9936,-79.5197,2022-06-18 18:52:03,84.43,88,40,9.22,scattered clouds
221,Bonfim,BR,3.0833,-59.95,2022-06-18 18:55:32,86.2,63,58,3.71,broken clouds
222,Shu,KZ,43.5983,73.7614,2022-06-18 18:55:32,70.65,38,2,10.16,clear sky
223,Jabinyanah,TN,35.035,10.9081,2022-06-18 18:55:32,84.0,63,0,11.7,clear sky
224,San Pedro,PH,14.35,121.0167,2022-06-18 18:55:33,81.63,84,20,2.3,few clouds
225,Kavaratti,IN,10.5669,72.642,2022-06-18 18:55:33,81.79,69,100,11.81,overcast clouds
226,Goure,NE,13.9835,10.2704,2022-06-18 18:55:33,92.01,34,23,12.41,few clouds
227,Sao Filipe,CV,14.8961,-24.4956,2022-06-18 18:55:34,75.0,81,95,17.85,overcast clouds
228,Bathsheba,BB,13.2167,-59.5167,2022-06-18 18:55:11,88.41,62,75,17.27,broken clouds
229,Stornoway,GB,58.2093,-6.3865,2022-06-18 18:56:34,52.93,91,75,16.11,broken clouds
230,Meulaboh,ID,4.1363,96.1285,2022-06-18 18:56:35,74.44,90,95,3.78,overcast clouds
231,Storforshei,NO,66.4043,14.5233,2022-06-18 18:56:35,51.66,71,100,8.05,light rain
232,Veraval,IN,20.9,70.3667,2022-06-18 18:56:35,84.56,79,100,14.54,overcast clouds
233,Yar-Sale,RU,66.8333,70.8333,2022-06-18 18:56:36,62.62,51,100,13.67,overcast clouds
234,Sychevka,RU,55.8252,34.2736,2022-06-18 18:56:36,56.44,79,99,8.23,overcast clouds
235,Knokke-Heist,BE,51.3333,3.3333,2022-06-18 18:56:36,71.02,75,100,7.0,overcast clouds
236,Misratah,LY,32.3754,15.0925,2022-06-18 18:56:37,77.34,62,78,8.55,broken clouds
237,Mali,GN,12.079,-12.2982,2022-06-18 18:56:37,64.83,82,85,5.46,light rain
238,Cruz Alta,BR,-28.6386,-53.6064,2022-06-18 18:56:38,50.22,57,0,4.32,clear sky
239,Mufumbwe,ZM,-13.6833,24.8,2022-06-18 18:56:38,59.38,52,44,4.16,scattered clouds
240,Kalmunai,LK,7.4167,81.8167,2022-06-18 18:56:38,80.08,82,100,10.42,overcast clouds
241,Aksarka,RU,66.5606,67.7975,2022-06-18 18:56:39,61.97,78,99,8.57,overcast clouds
242,Bocas Del Toro,PA,9.3333,-82.25,2022-06-18 18:56:39,81.23,81,100,8.25,overcast clouds
243,Mitu,CO,1.1983,-70.1733,2022-06-18 18:54:12,80.35,87,66,2.68,light rain
244,Estelle,US,29.8458,-90.1067,2022-06-18 18:56:40,98.01,52,75,4.0,broken clouds
245,Palera,IN,25.0167,79.2333,2022-06-18 18:56:41,81.77,70,100,4.88,overcast clouds
246,Nisia Floresta,BR,-6.0911,-35.2086,2022-06-18 18:56:41,88.18,70,78,9.08,broken clouds
247,Paamiut,GL,61.994,-49.6678,2022-06-18 18:56:41,42.67,82,100,15.77,overcast clouds
248,Caravelas,BR,-17.7125,-39.2481,2022-06-18 18:56:42,76.8,66,0,8.52,clear sky
249,Chalmette,US,29.9427,-89.9634,2022-06-18 18:56:42,98.02,52,62,4.0,broken clouds
250,Escanaba,US,45.7453,-87.0646,2022-06-18 18:56:42,72.52,31,72,4.79,broken clouds
251,Chute-Aux-Outardes,CA,49.1168,-68.399,2022-06-18 18:56:43,53.58,71,100,14.97,overcast clouds
252,Drummondville,CA,45.8834,-72.4824,2022-06-18 18:52:02,56.39,93,100,14.54,light rain
253,Coracao De Jesus,BR,-16.6853,-44.365,2022-06-18 18:56:43,83.32,21,0,9.37,clear sky
254,Adrar,MR,20.5022,-10.0711,2022-06-18 18:56:44,90.9,34,15,13.35,few clouds
255,Orhei,MD,47.3831,28.8231,2022-06-18 18:56:44,66.78,66,47,2.53,scattered clouds
256,Ilebo,CD,-4.3167,20.5833,2022-06-18 18:56:44,76.19,58,100,1.9,overcast clouds
257,Mount Pleasant,US,32.7941,-79.8626,2022-06-18 18:56:45,93.31,46,0,9.22,clear sky
258,Hurghada,EG,27.2574,33.8129,2022-06-18 18:56:45,89.64,33,0,14.97,clear sky
259,Langarud,IR,37.197,50.1535,2022-06-18 18:56:46,73.45,83,39,3.94,scattered clouds
260,Kumo,NG,10.0447,11.2122,2022-06-18 18:56:46,77.68,66,56,5.59,broken clouds
261,Mizdah,LY,31.4451,12.9801,2022-06-18 18:56:46,81.82,24,72,17.05,broken clouds
262,Comodoro Rivadavia,AR,-45.8667,-67.5,2022-06-18 18:56:47,44.46,76,40,3.44,scattered clouds
263,Kuryk,KZ,43.2,51.65,2022-06-18 18:56:47,74.19,51,0,14.52,clear sky
264,Betare Oya,CM,5.6,14.0833,2022-06-18 18:56:48,66.56,96,100,1.66,overcast clouds
265,Marsh Harbour,BS,26.5412,-77.0636,2022-06-18 18:56:48,80.17,65,7,3.22,clear sky
266,Bilma,NE,18.6853,12.9164,2022-06-18 18:56:48,94.71,10,0,11.45,clear sky
267,Vila Franca Do Campo,PT,37.7167,-25.4333,2022-06-18 18:56:49,66.61,74,0,13.09,clear sky
268,Synya,RU,65.3718,58.0387,2022-06-18 18:56:49,56.35,87,30,5.17,scattered clouds
269,Taoudenni,ML,22.6783,-3.9836,2022-06-18 18:56:50,95.0,22,100,10.89,overcast clouds
270,Burewala,PK,30.1667,72.65,2022-06-18 18:54:17,86.16,51,39,12.26,scattered clouds
271,Canguaretama,BR,-6.38,-35.1289,2022-06-18 18:56:51,80.46,72,67,9.15,broken clouds
272,Mehamn,NO,71.0357,27.8492,2022-06-18 18:56:52,42.75,87,100,11.5,overcast clouds
273,Bingol,TR,38.8847,40.4939,2022-06-18 18:56:52,71.35,36,0,4.7,clear sky
274,Ondjiva,AO,-17.0667,15.7333,2022-06-18 18:57:52,65.64,29,1,5.12,clear sky
275,Oistins,BB,13.0667,-59.5333,2022-06-18 18:54:59,87.89,62,75,17.27,broken clouds
276,Avdiyivka,UA,48.1399,37.7426,2022-06-18 18:57:53,61.23,76,77,3.76,broken clouds
277,La Sarre,CA,48.8002,-79.1996,2022-06-18 18:55:15,58.66,38,0,17.63,clear sky
278,Rayachoti,IN,14.05,78.75,2022-06-18 18:57:53,84.34,61,86,3.74,overcast clouds
279,Voka,EE,59.3997,27.5817,2022-06-18 18:57:54,56.16,95,100,14.16,overcast clouds
280,Manthani,IN,18.65,79.6667,2022-06-18 18:57:54,88.56,56,100,9.57,overcast clouds
281,Camacha,PT,33.0833,-16.3333,2022-06-18 18:57:54,67.42,83,40,12.66,scattered clouds
282,Nouadhibou,MR,20.931,-17.0347,2022-06-18 18:57:55,73.38,73,49,19.57,sand
283,Am Timan,TD,11.0297,20.2827,2022-06-18 18:57:55,81.9,61,100,6.85,light rain
284,Kushmurun,KZ,52.4503,64.6311,2022-06-18 18:57:56,66.87,79,100,10.89,overcast clouds
285,Hwange,ZW,-18.3693,26.5019,2022-06-18 18:57:56,62.58,63,1,3.09,clear sky
286,Sorata,BO,-15.7667,-68.6333,2022-06-18 18:57:56,51.39,61,9,9.15,clear sky
287,Kasongo-Lunda,CD,-6.4667,16.8167,2022-06-18 18:57:57,71.01,34,100,0.78,overcast clouds
288,Lawrenceburg,US,38.0373,-84.8966,2022-06-18 18:57:57,77.99,45,0,1.99,clear sky
289,Porto Novo,BJ,6.4965,2.6036,2022-06-18 18:57:57,76.82,87,100,4.79,overcast clouds
290,Carmelo,UY,-33.9892,-58.2856,2022-06-18 18:57:58,59.58,30,5,10.25,clear sky
291,Bahia Blanca,AR,-38.7196,-62.2724,2022-06-18 18:57:58,53.73,32,8,12.53,clear sky
292,Manadhoo,MV,5.7667,73.3833,2022-06-18 18:57:58,82.06,76,93,12.24,overcast clouds
293,Pucara,PE,-15.9803,-71.4606,2022-06-18 18:57:59,41.13,16,4,12.73,clear sky
294,Beni,CD,0.5,29.4667,2022-06-18 18:57:59,63.21,99,99,3.11,light rain
295,Aswan,EG,24.0934,32.907,2022-06-18 18:58:00,99.7,18,0,11.5,clear sky
296,Sisimiut,GL,66.9395,-53.6735,2022-06-18 18:58:01,36.0,80,69,4.43,broken clouds
297,Pemba,MZ,-12.974,40.5178,2022-06-18 18:58:01,75.9,69,40,9.22,scattered clouds
298,Vila Velha,BR,-20.3297,-40.2925,2022-06-18 18:55:51,87.75,58,0,8.05,clear sky
299,Saint Anthony,US,45.0205,-93.218,2022-06-18 18:58:02,82.35,44,40,16.11,scattered clouds
300,Cabedelo,BR,-6.9811,-34.8339,2022-06-18 18:58:02,84.87,78,74,8.97,broken clouds
301,Muzhi,RU,65.3667,64.6667,2022-06-18 18:58:03,62.01,78,100,3.04,overcast clouds
302,Bastia,FR,42.6667,9.3333,2022-06-18 18:58:03,85.33,51,0,2.3,clear sky
303,Brigantine,US,39.4101,-74.3646,2022-06-18 18:58:03,75.02,54,75,18.41,broken clouds
304,La Rioja,ES,42.25,-2.5,2022-06-18 18:58:04,87.58,23,3,11.48,clear sky
305,Zuenoula,CI,7.4292,-6.0431,2022-06-18 18:58:04,76.64,66,49,3.87,scattered clouds
306,Rawah,IQ,34.4816,41.9093,2022-06-18 18:58:04,100.36,13,0,7.45,clear sky
307,Khandbari,NP,27.3747,87.2039,2022-06-18 18:58:05,72.23,90,96,0.36,overcast clouds
308,Chicama,PE,-7.8447,-79.1469,2022-06-18 18:58:05,64.94,57,35,10.18,scattered clouds
309,Delfzijl,NL,53.33,6.9181,2022-06-18 18:58:06,63.07,72,80,4.0,broken clouds
310,Najran,SA,17.4924,44.1277,2022-06-18 18:58:06,92.05,13,100,2.21,overcast clouds
311,Jiblah,YE,13.9216,44.1467,2022-06-18 18:58:06,71.17,61,100,2.77,light rain
312,Maltahohe,NA,-24.8333,16.9833,2022-06-18 18:58:07,51.69,24,0,8.63,clear sky
313,Praia Da Vitoria,PT,38.7333,-27.0667,2022-06-18 18:58:07,68.25,77,75,15.7,broken clouds
314,Garowe,SO,8.4054,48.4845,2022-06-18 18:58:07,85.78,33,96,17.02,overcast clouds
315,Faya,SA,18.3851,42.4509,2022-06-18 18:58:08,75.31,30,100,2.86,overcast clouds
316,Jalalabad,AF,34.4265,70.4515,2022-06-18 18:58:08,84.38,38,0,1.34,clear sky
317,Vilhena,BR,-12.7406,-60.1458,2022-06-18 18:58:09,71.82,88,75,9.22,broken clouds
318,Luanda,AO,-8.8368,13.2343,2022-06-18 18:58:09,71.6,78,0,9.22,clear sky
319,Harper,LR,4.375,-7.7169,2022-06-18 18:58:09,77.81,71,25,7.63,scattered clouds
320,Berlevag,NO,70.8578,29.0864,2022-06-18 18:58:10,42.8,87,100,8.05,overcast clouds
321,Lasa,IT,46.6166,10.7002,2022-06-18 18:58:10,69.96,81,10,3.15,clear sky
322,Sao Joao Da Barra,BR,-21.6403,-41.0511,2022-06-18 18:59:11,86.09,55,0,14.83,clear sky
323,Birsk,RU,55.4211,55.5428,2022-06-18 18:59:11,57.15,85,7,4.45,clear sky
324,Saint-Francois,FR,46.4154,3.9054,2022-06-18 18:59:12,90.84,31,0,12.66,clear sky
325,Tazovskiy,RU,67.4667,78.7,2022-06-18 18:59:12,53.28,59,99,6.82,overcast clouds
326,Chitral,PK,35.8462,71.7858,2022-06-18 18:56:56,69.46,55,22,1.95,few clouds
327,Kaabong,UG,3.4836,34.1492,2022-06-18 18:59:13,66.49,62,100,6.08,overcast clouds
328,Nowa Ruda,PL,50.5801,16.5016,2022-06-18 18:58:54,71.85,61,7,7.92,clear sky
329,Diego De Almagro,CL,-26.3667,-70.05,2022-06-18 18:59:13,68.81,18,0,7.18,clear sky
330,Lebedyn,UA,50.5852,34.4849,2022-06-18 18:59:14,58.46,90,16,5.99,few clouds
331,Bonavista,CA,48.6499,-53.1147,2022-06-18 18:59:14,56.37,81,100,24.25,overcast clouds
332,Puerto Rico,AR,-26.796,-55.024,2022-06-18 18:59:14,59.41,40,0,2.3,clear sky
333,Sarkand,KZ,45.41,79.9186,2022-06-18 18:59:15,64.72,38,41,8.52,scattered clouds
334,Luquillo,PR,18.3725,-65.7166,2022-06-18 18:59:15,91.58,66,100,10.36,overcast clouds
335,Lima,PE,-12.0432,-77.0282,2022-06-18 18:56:24,64.65,63,40,9.22,scattered clouds
336,Jurado,CO,7.1053,-77.7641,2022-06-18 18:59:16,78.15,90,100,9.44,moderate rain
337,Santa Maria,BR,-29.6842,-53.8069,2022-06-18 18:54:30,54.7,44,0,5.75,clear sky
338,Makokou,GA,0.5738,12.8642,2022-06-18 18:59:16,70.16,92,98,2.53,overcast clouds
339,Olivenza,ES,38.6832,-7.103,2022-06-18 18:59:17,83.26,31,0,15.93,clear sky
340,Alipur,PK,29.3846,70.9116,2022-06-18 18:59:17,87.6,59,65,10.04,broken clouds
341,Alvinopolis,BR,-20.1067,-43.0489,2022-06-18 18:59:17,81.41,32,1,3.83,clear sky
342,Waw,SS,7.7029,27.9953,2022-06-18 18:59:18,70.41,90,100,6.42,overcast clouds
343,Catamarca,AR,-28.4696,-65.7852,2022-06-18 18:59:19,71.58,27,55,8.99,broken clouds
344,Lere,NG,10.387,8.5726,2022-06-18 18:59:19,74.8,71,100,1.72,overcast clouds
345,Bubaque,GW,11.2833,-15.8333,2022-06-18 18:59:19,76.5,81,100,10.18,light rain
346,Tripoli,LY,32.8752,13.1875,2022-06-18 18:59:20,78.37,56,10,9.06,clear sky
347,Mayor Pablo Lagerenza,PY,-19.9309,-60.7718,2022-06-18 18:59:21,76.24,24,0,4.29,clear sky
348,Peniche,PT,39.3558,-9.3811,2022-06-18 18:59:21,70.09,84,20,13.94,few clouds
349,Ovre Ardal,NO,61.3167,7.8,2022-06-18 18:59:22,47.16,66,70,6.04,broken clouds
350,Wanlaweyn,SO,2.6185,44.8938,2022-06-18 18:59:22,76.26,76,76,18.79,broken clouds
351,Wiarton,CA,44.7407,-81.1332,2022-06-18 18:59:22,64.04,48,0,9.22,clear sky
352,Santa Cruz,BO,-17.8,-63.1667,2022-06-18 18:58:26,72.86,33,75,16.11,broken clouds
353,Hamilton,US,39.1834,-84.5333,2022-06-18 18:55:34,77.99,39,0,8.99,clear sky
354,Ordzhonikidze,KZ,52.4411,61.7408,2022-06-18 18:59:23,62.38,91,69,6.02,broken clouds
355,Teguldet,RU,57.3064,88.1667,2022-06-18 18:59:23,52.14,98,19,2.82,few clouds
356,Santa Vitoria Do Palmar,BR,-33.5189,-53.3681,2022-06-18 18:59:24,53.13,44,0,10.25,clear sky
357,Ormara,PK,25.2088,64.6357,2022-06-18 18:59:24,82.98,88,27,12.19,scattered clouds
358,Ponta Delgada,PT,37.7333,-25.6667,2022-06-18 18:59:24,66.92,72,40,19.57,scattered clouds
359,La Palma,US,33.8464,-118.0467,2022-06-18 18:59:25,80.24,60,0,6.91,clear sky
360,Myskhako,RU,44.6714,37.7433,2022-06-18 18:59:25,60.58,64,0,7.07,clear sky
361,Tete,MZ,-16.1564,33.5867,2022-06-18 18:59:26,68.09,64,20,4.61,few clouds
362,Hit,IQ,33.6416,42.8251,2022-06-18 18:59:26,101.61,12,0,6.15,clear sky
363,Yabrud,SY,33.9674,36.6574,2022-06-18 18:59:26,74.53,38,0,2.19,clear sky
364,Guarapari,BR,-20.6667,-40.4975,2022-06-18 18:59:27,83.89,53,0,6.62,clear sky
365,Sakakah,SA,29.9697,40.2064,2022-06-18 19:00:27,97.9,10,0,8.81,clear sky
366,Shubarkuduk,KZ,49.1447,56.4872,2022-06-18 19:00:27,69.3,57,60,9.35,broken clouds
367,Sokoni,TZ,-6.4333,39.55,2022-06-18 19:00:28,78.57,73,23,19.66,few clouds
368,Tabou,CI,4.423,-7.3528,2022-06-18 19:00:28,77.79,72,90,5.77,overcast clouds
369,Tres Arroyos,AR,-38.3739,-60.2798,2022-06-18 19:00:22,52.16,36,98,12.93,overcast clouds
370,Rio Bueno,CL,-40.3167,-72.9667,2022-06-18 19:00:29,46.11,78,100,5.35,light rain
371,Businga,CD,3.3333,20.8833,2022-06-18 19:00:29,72.63,86,100,3.0,overcast clouds
372,Lieto,FI,60.5103,22.4618,2022-06-18 19:00:29,61.07,91,20,8.05,few clouds
373,Uyuni,BO,-20.4597,-66.825,2022-06-18 19:00:30,45.95,10,0,16.42,clear sky
374,Gornyy,RU,55.1153,83.9059,2022-06-18 19:00:30,54.28,95,100,5.23,overcast clouds
375,Kalemie,CD,-5.9475,29.1947,2022-06-18 19:00:31,71.62,65,57,1.32,broken clouds
376,Tritenii De Jos,RO,46.5833,24.0,2022-06-18 19:00:31,65.79,60,12,3.11,few clouds
377,Bandar-E Lengeh,IR,26.5579,54.8807,2022-06-18 19:00:32,91.24,66,4,11.86,clear sky
378,Mogadishu,SO,2.0371,45.3438,2022-06-18 19:00:32,79.03,78,94,20.13,overcast clouds
379,Korla,CN,41.7597,86.1469,2022-06-18 19:00:32,77.0,26,100,8.95,overcast clouds
380,Kathmandu,NP,27.7167,85.3167,2022-06-18 18:57:13,70.02,88,75,2.3,thunderstorm
381,Kruisfontein,ZA,-34.0033,24.7314,2022-06-18 19:00:33,56.88,88,95,5.77,overcast clouds
382,Biltine,TD,14.5333,20.9167,2022-06-18 19:00:33,95.13,23,100,5.3,overcast clouds
383,Stokmarknes,NO,68.5646,14.9108,2022-06-18 19:00:34,48.18,87,20,4.61,light rain
384,Dwarka,IN,22.2394,68.9678,2022-06-18 19:00:34,85.12,80,10,15.03,clear sky
385,Holme,DK,56.1138,10.1725,2022-06-18 19:00:34,62.17,66,92,8.95,overcast clouds
386,Morondava,MG,-20.2833,44.2833,2022-06-18 19:00:35,71.38,69,0,11.1,clear sky
387,Teguise,ES,29.0605,-13.564,2022-06-18 19:00:35,70.02,68,20,21.85,few clouds
388,Lamu,KE,-2.2717,40.902,2022-06-18 19:00:36,77.22,76,45,16.75,scattered clouds
389,Moose Factory,CA,51.2585,-80.6094,2022-06-18 19:00:36,53.94,43,1,14.72,clear sky
390,Bom Jesus,BR,-9.0744,-44.3586,2022-06-18 19:00:37,96.22,23,65,4.85,broken clouds
391,Zambezi,ZM,-13.5432,23.1047,2022-06-18 19:00:37,61.97,47,7,4.27,clear sky
392,Savannah Bight,HN,16.45,-85.85,2022-06-18 19:00:38,80.74,82,100,8.19,overcast clouds
393,Mecca,SA,21.4267,39.8261,2022-06-18 18:57:00,92.48,36,19,3.62,few clouds
394,Salmas,IR,38.1973,44.7653,2022-06-18 19:00:39,72.0,30,0,3.29,clear sky
395,Valentigney,FR,47.4639,6.8317,2022-06-18 19:00:39,88.75,62,0,5.35,clear sky
396,Canico,PT,32.6333,-16.85,2022-06-18 19:00:39,76.01,83,40,9.22,scattered clouds
397,Traverse City,US,44.7631,-85.6206,2022-06-18 18:59:45,69.84,38,8,10.2,clear sky
398,Mayumba,GA,-3.432,10.6554,2022-06-18 19:00:41,71.6,83,81,7.02,broken clouds
399,Rutana,BI,-3.8667,30.1,2022-06-18 19:00:42,63.99,59,100,3.18,overcast clouds
400,Sayat,TM,38.7839,63.8803,2022-06-18 19:00:42,86.77,15,0,9.19,clear sky
401,Hobe Sound,US,27.0595,-80.1364,2022-06-18 19:00:43,95.99,57,3,8.16,clear sky
402,Namwala,ZM,-15.7504,26.4384,2022-06-18 19:00:43,63.16,48,23,5.53,few clouds
403,Kortkeros,RU,61.8106,51.5806,2022-06-18 19:00:43,59.0,84,56,4.03,broken clouds
404,Trzebiatow,PL,54.0615,15.2648,2022-06-18 19:00:44,64.35,78,22,10.42,few clouds
405,Aleksandrovskoye,RU,44.7142,43.0008,2022-06-18 19:00:45,67.44,62,59,1.72,broken clouds
406,Awjilah,LY,29.1081,21.2869,2022-06-18 19:00:45,84.22,28,0,16.37,clear sky
407,Dzilam Gonzalez,MX,21.2833,-88.9333,2022-06-18 19:00:46,88.27,57,100,12.8,overcast clouds
408,Fereydun Kenar,IR,36.6864,52.5225,2022-06-18 19:00:46,75.99,69,15,6.38,few clouds
409,Atar,MR,20.5169,-13.0499,2022-06-18 19:00:47,98.69,26,79,15.1,broken clouds
410,Anloga,GH,5.7947,0.8973,2022-06-18 19:00:47,77.54,78,98,8.5,overcast clouds
411,Podgornoye,RU,51.735,39.1496,2022-06-18 19:00:48,61.02,72,0,0.0,light rain
412,Quatre Cocos,MU,-20.2078,57.7625,2022-06-18 18:59:52,69.1,78,13,5.82,few clouds
413,El Prat De Llobregat,ES,41.3278,2.0947,2022-06-18 19:01:48,83.59,81,20,9.22,few clouds
414,Balkhash,KZ,46.844,74.9804,2022-06-18 19:01:49,74.66,35,12,5.59,few clouds
415,Volchikha,RU,52.0333,80.3833,2022-06-18 19:01:49,60.08,75,70,2.91,broken clouds
416,Kaina,NG,12.6374,8.5873,2022-06-18 19:01:49,88.84,39,100,5.01,overcast clouds
417,Nizwa,OM,22.9333,57.5333,2022-06-18 19:01:50,88.32,57,4,4.05,clear sky
418,Coihaique,CL,-45.5752,-72.0662,2022-06-18 19:01:50,38.01,90,100,6.49,overcast clouds
419,Dori,BF,14.0354,-0.0345,2022-06-18 19:01:51,91.74,36,91,7.85,overcast clouds
420,Minudasht,IR,37.2289,55.3747,2022-06-18 19:01:51,75.25,64,0,4.23,clear sky
421,Sinnamary,GF,5.3833,-52.95,2022-06-18 19:01:14,81.66,76,27,8.9,scattered clouds
422,Pimentel,PE,-6.8367,-79.9342,2022-06-18 19:01:51,65.55,75,93,15.9,overcast clouds
423,Oriximina,BR,-1.7656,-55.8661,2022-06-18 19:01:52,87.4,56,13,6.44,few clouds
424,Nara,JP,34.6851,135.8049,2022-06-18 19:01:07,72.5,73,95,0.92,overcast clouds
425,Bukene,TZ,-4.2333,32.8833,2022-06-18 19:01:52,70.45,43,100,4.76,overcast clouds
426,Portree,GB,57.4129,-6.1942,2022-06-18 19:01:53,51.53,92,100,16.89,overcast clouds
427,Waycross,US,31.2136,-82.354,2022-06-18 19:01:53,98.85,60,62,1.01,broken clouds
428,Urubicha,BO,-15.3833,-62.95,2022-06-18 19:01:54,79.29,46,30,3.62,scattered clouds
429,Huarmey,PE,-10.0681,-78.1522,2022-06-18 19:01:54,68.31,65,7,13.85,clear sky
430,Derzhavinsk,KZ,51.1,66.3167,2022-06-18 19:01:54,72.61,52,99,0.4,overcast clouds
431,Ankazobe,MG,-18.3167,47.1167,2022-06-18 19:01:55,61.84,75,100,3.42,overcast clouds
432,Camopi,GF,3.1655,-52.3158,2022-06-18 19:01:55,78.22,95,100,3.24,light rain
433,Zopilotepe,HN,14.6,-86.2667,2022-06-18 19:01:56,88.12,57,98,2.93,overcast clouds
434,Ancud,CL,-41.8697,-73.8203,2022-06-18 19:01:56,53.22,92,100,22.3,moderate rain
435,Hambantota,LK,6.1241,81.1185,2022-06-18 19:01:56,79.14,100,40,3.44,scattered clouds
436,Havre-Saint-Pierre,CA,50.2334,-63.5986,2022-06-18 19:00:58,53.96,100,100,5.75,mist
437,Challapata,BO,-18.9,-66.7667,2022-06-18 19:01:57,50.99,14,0,15.21,clear sky
438,Bardiyah,LY,31.7561,25.0865,2022-06-18 19:01:57,75.45,65,0,13.94,clear sky
439,Uruzgan,AF,32.8333,66.0,2022-06-18 19:01:58,70.77,16,0,5.68,clear sky
440,Moquegua,PE,-17.1956,-70.9353,2022-06-18 19:01:58,69.39,25,1,6.87,clear sky
441,Boa Vista,BR,2.8197,-60.6733,2022-06-18 19:01:58,84.58,69,77,4.54,broken clouds
442,Shepsi,RU,44.0361,39.1489,2022-06-18 19:01:59,70.23,68,0,4.63,clear sky
443,Revda,RU,56.801,59.9303,2022-06-18 19:01:59,55.63,94,100,2.28,overcast clouds
444,Kansanshi,ZM,-12.0951,26.4273,2022-06-18 19:02:00,56.91,62,87,3.62,overcast clouds
445,Springdale,US,36.1867,-94.1288,2022-06-18 19:02:00,94.05,60,20,5.75,few clouds
446,Alta Floresta,BR,-9.8756,-56.0861,2022-06-18 19:02:01,89.62,32,99,6.71,overcast clouds
447,Skjervoy,NO,70.0311,20.9714,2022-06-18 19:00:56,59.0,74,6,9.95,clear sky
448,Leticia,CO,-4.2153,-69.9406,2022-06-18 19:02:01,89.06,54,37,2.55,light rain
449,Saint-Georges,GD,12.0564,-61.7485,2022-06-18 19:02:02,82.18,70,46,14.0,scattered clouds
450,Willowmore,ZA,-33.2926,23.4895,2022-06-18 19:02:02,47.14,76,69,7.96,broken clouds
451,Asosa,ET,10.0667,34.5333,2022-06-18 19:02:03,61.52,95,100,2.64,moderate rain
452,Japura,ID,-0.3167,102.35,2022-06-18 19:02:03,73.47,96,88,1.9,overcast clouds
453,Praia,CV,14.9215,-23.5087,2022-06-18 19:02:03,77.54,73,75,13.8,broken clouds
454,Cedar Lake,US,41.3648,-87.4411,2022-06-18 18:59:04,77.97,42,0,10.65,clear sky
455,Mushie,CD,-3.0167,16.9,2022-06-18 19:02:04,77.94,49,100,1.86,overcast clouds
456,Esna,EG,25.2934,32.554,2022-06-18 19:02:04,90.12,22,0,11.45,clear sky
457,Keti Bandar,PK,24.1447,67.4497,2022-06-18 19:02:05,85.86,72,33,13.24,scattered clouds
458,Husavik,IS,66.0449,-17.3389,2022-06-18 19:03:05,48.0,67,89,10.31,overcast clouds
459,Gemena,CD,3.25,19.7667,2022-06-18 19:03:05,69.71,97,100,0.87,overcast clouds
460,Largo,US,27.9095,-82.7873,2022-06-18 19:03:06,96.78,62,40,13.8,scattered clouds
461,Majalgaon,IN,19.15,76.2333,2022-06-18 19:03:06,85.86,58,100,11.25,overcast clouds
462,Odweyne,SO,9.4092,45.064,2022-06-18 19:03:07,76.59,48,100,15.61,overcast clouds
463,Solwezi,ZM,-12.1688,26.3894,2022-06-18 19:00:56,57.29,62,75,3.6,broken clouds
464,Scarborough,GB,54.2797,-0.4044,2022-06-18 19:03:07,57.16,69,100,1.01,overcast clouds
465,Axim,GH,4.8699,-2.2405,2022-06-18 19:03:08,74.88,88,100,1.83,overcast clouds
466,Azul,AR,-36.777,-59.8585,2022-06-18 19:03:08,51.35,32,100,12.88,overcast clouds
467,Bonga,ET,7.2833,36.2333,2022-06-18 19:03:08,59.14,99,71,2.01,light rain
468,Mesetas,CO,3.3846,-74.0442,2022-06-18 19:03:09,76.01,89,93,5.17,moderate rain
469,Tarauaca,BR,-8.1614,-70.7656,2022-06-18 19:00:04,80.55,82,88,2.51,moderate rain
470,Chabahar,IR,25.2919,60.643,2022-06-18 19:03:09,83.37,87,10,4.05,clear sky
471,Samsun,TR,41.25,36.3333,2022-06-18 19:03:10,65.16,94,0,0.0,clear sky
472,Mundra,IN,22.85,69.7333,2022-06-18 19:03:11,85.77,75,18,15.95,few clouds
473,Sechura,PE,-5.5569,-80.8222,2022-06-18 19:03:11,75.76,54,10,14.12,clear sky
474,Dudinka,RU,69.4058,86.1778,2022-06-18 19:03:11,49.33,53,18,8.75,few clouds
475,Mercedes,AR,-34.6515,-59.4307,2022-06-18 18:59:30,63.03,27,56,13.18,broken clouds
476,Sindou,BF,10.6667,-5.1667,2022-06-18 19:03:12,73.38,89,100,6.17,moderate rain
477,Mustafabad,PK,30.8922,73.4989,2022-06-18 19:03:12,88.57,47,53,8.5,broken clouds
478,Sikonge,TZ,-5.6333,32.7667,2022-06-18 19:03:13,73.27,36,100,4.65,overcast clouds
479,Monte Alegre,BR,-2.0078,-54.0692,2022-06-18 19:03:04,85.03,67,94,1.95,overcast clouds
480,Porto Walter,BR,-8.2686,-72.7439,2022-06-18 19:03:13,78.75,92,100,3.89,overcast clouds
481,Mocuba,MZ,-16.8392,36.9856,2022-06-18 19:03:13,60.28,92,0,2.37,clear sky
482,Abu Dhabi,AE,24.4667,54.3667,2022-06-18 18:59:24,93.31,71,0,5.75,clear sky
483,Marienburg,PL,54.0359,19.0266,2022-06-18 19:03:14,71.58,78,7,6.29,clear sky
484,Louga,RU,58.7372,29.8453,2022-06-18 19:02:36,55.83,96,100,8.72,overcast clouds
485,Middletown,US,39.5151,-84.3983,2022-06-18 19:03:13,77.88,37,0,13.8,clear sky
486,Huntsville,US,34.7304,-86.5861,2022-06-18 19:00:00,91.4,51,40,16.11,scattered clouds
487,Sangueya,GN,10.7,-14.3667,2022-06-18 19:03:15,73.65,98,100,4.97,heavy intensity rain
488,Ust-Kulom,RU,61.6864,53.6902,2022-06-18 19:03:15,57.63,77,100,3.4,overcast clouds
489,Voznesenskaya,RU,44.5527,41.0318,2022-06-18 19:03:15,65.97,73,100,4.52,overcast clouds
490,Puerto Del Rosario,ES,28.5004,-13.8627,2022-06-18 19:03:16,73.15,78,0,18.41,clear sky
491,Werda,BW,-25.2667,23.2833,2022-06-18 19:03:16,61.23,25,0,5.32,clear sky
492,Vila Do Maio,CV,15.1333,-23.2167,2022-06-18 19:03:17,77.79,89,100,15.97,overcast clouds
493,Manga,BF,11.6636,-1.0731,2022-06-18 19:03:17,83.17,59,100,2.08,light rain
494,Prudentopolis,BR,-25.2131,-50.9778,2022-06-18 19:03:17,64.42,50,0,1.92,clear sky
495,Gayeri,BF,12.6497,0.4931,2022-06-18 19:03:18,86.13,50,25,7.27,scattered clouds
496,Pisco,PE,-13.7,-76.2167,2022-06-18 19:03:18,62.65,82,100,10.36,mist
497,Talnakh,RU,69.4865,88.3972,2022-06-18 19:03:18,49.17,55,10,8.95,clear sky
498,Lidkoping,SE,58.5052,13.1577,2022-06-18 19:03:19,59.02,68,18,17.65,few clouds
499,Tekeli,KZ,44.83,78.8239,2022-06-18 19:03:19,56.52,47,11,8.28,few clouds
500,Bognor Regis,GB,50.7821,-0.6798,2022-06-18 19:03:19,61.41,69,100,24.4,light rain
501,Liverpool,GB,53.4106,-2.9779,2022-06-18 19:00:11,57.15,67,20,9.22,few clouds
502,Araouane,ML,18.9048,-3.5265,2022-06-18 19:03:20,88.11,43,98,7.52,overcast clouds
503,Santiago,CL,-33.4569,-70.6483,2022-06-18 18:58:26,66.29,42,75,5.75,haze
504,Deer Lake,CA,49.1667,-57.4316,2022-06-18 18:58:56,67.86,68,75,18.41,broken clouds
505,Mwinilunga,ZM,-11.7358,24.4293,2022-06-18 19:04:21,57.79,55,27,4.41,scattered clouds
506,Dundalk,US,39.2507,-76.5205,2022-06-18 19:04:21,75.67,54,75,14.97,broken clouds
507,Olinda,BR,-8.0089,-34.8553,2022-06-18 19:04:22,82.13,65,20,6.91,few clouds
508,Clacton-On-Sea,GB,51.7897,1.156,2022-06-18 19:04:22,59.97,81,100,8.99,overcast clouds
509,Kumasi,GH,6.6885,-1.6244,2022-06-18 19:04:22,70.39,96,100,2.21,overcast clouds
510,Inta,RU,66.0317,60.1659,2022-06-18 19:04:23,58.55,79,39,4.27,scattered clouds
511,Sept-Iles,CA,50.2001,-66.3821,2022-06-18 19:04:23,48.51,75,100,19.71,overcast clouds
512,Sandnessjoen,NO,66.0217,12.6316,2022-06-18 19:04:23,51.66,83,100,5.01,overcast clouds
513,Yomou,GN,7.5603,-9.2653,2022-06-18 19:04:24,73.35,81,96,3.0,overcast clouds
514,Manono,CD,-7.3,27.4167,2022-06-18 19:02:15,75.99,39,12,5.64,few clouds
515,Marsa Matruh,EG,31.3525,27.2453,2022-06-18 19:04:24,74.21,84,0,12.15,clear sky
516,Urumqi,CN,43.801,87.6005,2022-06-18 19:02:02,72.55,38,0,6.71,clear sky
517,Wajid,SO,3.8093,43.2471,2022-06-18 19:04:25,78.67,54,14,20.56,few clouds
518,Wattegama,LK,6.7989,81.4808,2022-06-18 19:04:25,76.44,87,100,5.17,overcast clouds
519,Yazykovo,RU,55.2199,56.1353,2022-06-18 19:04:26,57.24,89,99,5.73,overcast clouds
520,Ongandjera,NA,-17.8833,15.0667,2022-06-18 19:04:26,69.93,27,0,7.72,clear sky
521,Saint-Raymond,CA,45.467,-73.6095,2022-06-18 19:04:27,54.21,88,100,14.97,moderate rain
522,Rio Grande,BR,-32.035,-52.0986,2022-06-18 19:04:27,55.51,55,0,12.17,clear sky
523,Chone,EC,-0.6833,-80.1,2022-06-18 19:04:27,78.24,76,99,4.7,overcast clouds
524,Butembo,CD,0.15,29.2833,2022-06-18 19:04:28,57.96,97,100,2.77,overcast clouds
525,Karpathos,GR,35.507,27.2132,2022-06-18 19:04:28,71.56,83,0,21.85,clear sky
526,Louis Trichardt,ZA,-23.0439,29.9032,2022-06-18 19:04:28,57.16,40,0,3.15,clear sky
527,Sistranda,NO,63.7256,8.834,2022-06-18 19:04:29,53.56,78,40,10.47,scattered clouds
528,Punto Fijo,VE,11.6956,-70.1996,2022-06-18 19:04:29,86.04,59,32,33.4,scattered clouds
529,Renfrew,GB,55.872,-4.3925,2022-06-18 19:04:29,56.52,78,40,16.11,scattered clouds
530,Vigrestad,NO,58.5667,5.7,2022-06-18 19:04:30,56.59,70,100,13.82,overcast clouds
531,Port-Cartier,CA,50.0334,-66.8654,2022-06-18 19:01:27,48.99,67,100,18.19,overcast clouds
532,Catia La Mar,VE,10.6038,-67.0303,2022-06-18 19:04:30,90.5,74,40,6.91,scattered clouds
533,Tsumeb,NA,-19.2333,17.7167,2022-06-18 19:04:31,64.26,28,0,4.7,clear sky
534,Dieppe,FR,49.75,1.1667,2022-06-18 19:03:21,86.18,76,2,1.01,clear sky
535,Porto Murtinho,BR,-21.6989,-57.8825,2022-06-18 19:04:31,74.19,25,0,6.31,clear sky
536,Haradok,BY,55.4624,29.9816,2022-06-18 19:04:32,57.69,89,100,6.35,overcast clouds
537,Shinpokh,PK,34.3292,71.1782,2022-06-18 19:04:32,86.34,53,0,5.97,clear sky
538,Jacareacanga,BR,-6.2222,-57.7528,2022-06-18 19:04:32,83.19,65,100,1.23,overcast clouds
539,Nnewi,NG,6.0199,6.9148,2022-06-18 19:04:33,74.01,92,85,4.12,overcast clouds
540,Mahanoro,MG,-19.9,48.8,2022-06-18 19:04:33,69.44,88,85,3.31,light rain
541,Mantua,IT,45.1667,10.7833,2022-06-18 19:04:33,83.08,54,7,1.99,clear sky
542,Ivangorod,RU,59.3716,28.2162,2022-06-18 19:04:34,55.83,97,100,10.42,overcast clouds
543,Rio Pomba,BR,-21.2747,-43.1792,2022-06-18 19:04:34,82.56,42,38,7.58,scattered clouds
544,Veinticinco De Mayo,AR,-35.4323,-60.1727,2022-06-18 19:04:34,58.98,34,100,5.01,overcast clouds
545,Hobyo,SO,5.3505,48.5268,2022-06-18 19:04:35,79.36,74,91,27.78,overcast clouds
546,Pedro Juan Caballero,PY,-22.5472,-55.7333,2022-06-18 19:04:35,62.56,45,0,6.91,clear sky
547,Zavetnoye,RU,47.1194,43.8903,2022-06-18 19:04:36,71.64,38,65,7.25,broken clouds
548,Vestmannaeyjar,IS,63.4427,-20.2734,2022-06-18 19:03:12,51.64,73,14,29.21,few clouds
549,Eyl,SO,7.9803,49.8164,2022-06-18 19:04:36,78.84,72,100,21.54,overcast clouds
550,Moundsville,US,39.9203,-80.7431,2022-06-18 19:04:36,74.16,42,0,1.99,clear sky
551,Qobustan,AZ,40.0824,49.412,2022-06-18 19:04:37,75.99,51,42,8.39,scattered clouds
552,Svetlyy,RU,54.675,20.1347,2022-06-18 19:04:37,69.85,82,44,12.08,scattered clouds
553,Koscian,PL,52.0883,16.6487,2022-06-18 19:05:38,80.91,52,41,5.46,scattered clouds
554,Albany,US,42.6001,-73.9662,2022-06-18 19:05:38,60.3,62,91,1.01,overcast clouds
555,Wiwili,NI,13.6268,-85.8254,2022-06-18 19:05:38,84.94,72,100,1.88,overcast clouds
556,Oranjemund,NA,-28.55,16.4333,2022-06-18 19:05:39,56.07,86,1,6.17,clear sky
557,Kralendijk,BQ,12.15,-68.2667,2022-06-18 19:05:39,85.98,66,40,21.85,scattered clouds
558,Aden,YE,12.7794,45.0367,2022-06-18 19:05:40,91.13,53,100,10.0,overcast clouds
559,Le Pont-De-Claix,FR,45.1244,5.7064,2022-06-18 19:05:40,87.66,72,99,5.55,overcast clouds
560,Sioux Lookout,CA,50.1001,-91.917,2022-06-18 19:05:41,75.27,24,31,9.82,scattered clouds
561,Nata,PA,8.3333,-80.5167,2022-06-18 19:05:41,84.51,73,100,7.47,overcast clouds
562,Yarmouth,US,41.7057,-70.2286,2022-06-18 19:05:41,71.26,55,0,16.11,clear sky
563,Pauini,BR,-7.7136,-66.9764,2022-06-18 19:05:42,87.93,51,7,4.43,clear sky
564,Conakry,GN,9.538,-13.6773,2022-06-18 19:05:42,78.67,80,100,8.52,moderate rain
565,Baza,ES,37.4907,-2.7726,2022-06-18 19:05:42,87.42,28,9,7.0,clear sky
566,Atbasar,KZ,51.8,68.3333,2022-06-18 19:05:43,68.7,57,9,6.15,clear sky
567,San Ignacio,BZ,17.1561,-89.0714,2022-06-18 19:05:14,80.4,89,99,4.0,overcast clouds
568,Tshikapa,CD,-6.4167,20.8,2022-06-18 19:05:43,75.27,32,100,0.72,overcast clouds
569,Sokolo,ML,14.7328,-6.1219,2022-06-18 19:05:43,76.91,72,100,12.3,overcast clouds
570,Chaman,PK,30.9236,66.4512,2022-06-18 19:05:44,80.78,15,0,2.98,clear sky
571,Laje,BR,-10.1833,-40.9667,2022-06-18 19:00:58,87.87,33,47,7.45,scattered clouds
572,Havoysund,NO,70.9963,24.6622,2022-06-18 19:05:44,48.43,72,69,20.49,broken clouds
573,Bedi,IN,22.5,70.05,2022-06-18 19:02:07,85.86,70,45,14.43,scattered clouds
574,Manaquiri,BR,-3.3167,-60.35,2022-06-18 19:05:45,90.09,53,97,1.52,overcast clouds
575,Thompson,CA,55.7435,-97.8558,2022-06-18 19:05:45,78.42,21,100,15.19,overcast clouds
576,Itarema,BR,-2.9248,-39.9167,2022-06-18 19:05:46,81.43,76,100,12.46,overcast clouds
577,Shihezi,CN,44.3,86.0333,2022-06-18 19:05:46,76.8,28,86,8.12,overcast clouds
578,Wasserburg,DE,48.4411,10.2693,2022-06-18 19:05:46,85.17,68,0,5.48,clear sky
579,Yenagoa,NG,4.9247,6.2642,2022-06-18 19:05:47,74.01,95,100,4.36,moderate rain
580,Puerto Ayacucho,VE,5.6639,-67.6236,2022-06-18 19:05:47,81.07,74,98,1.41,overcast clouds
581,Miastko,PL,54.0028,16.9826,2022-06-18 19:05:48,64.81,80,8,8.21,clear sky
582,Krasnoselkup,RU,65.7,82.4667,2022-06-18 19:05:48,54.77,56,83,8.55,broken clouds
583,Bay Roberts,CA,47.5999,-53.2648,2022-06-18 19:05:48,62.65,77,100,11.01,overcast clouds
584,Ipameri,BR,-17.7219,-48.1597,2022-06-18 19:05:49,78.67,44,29,6.78,scattered clouds
585,Bollnas,SE,61.3482,16.3946,2022-06-18 19:05:49,54.43,64,86,7.52,overcast clouds
586,Iquique,CL,-20.2208,-70.1431,2022-06-18 19:05:49,62.64,67,47,6.15,scattered clouds
587,Vasterhaninge,SE,59.1167,18.1,2022-06-18 19:05:50,66.83,43,5,15.55,clear sky
588,Talcahuano,CL,-36.7167,-73.1167,2022-06-18 19:05:15,51.48,71,0,5.75,clear sky
589,Canton,CN,23.1167,113.25,2022-06-18 19:05:50,82.35,89,100,9.06,light rain
590,Bure,ET,10.7,37.0667,2022-06-18 19:05:51,60.51,84,93,3.53,light rain
591,Almenara,BR,-16.1836,-40.6944,2022-06-18 19:05:51,88.61,22,0,3.44,clear sky
592,Guaimaca,HN,14.5333,-86.8167,2022-06-18 19:05:51,84.83,48,99,2.15,overcast clouds
593,Turayf,SA,31.6725,38.6637,2022-06-18 19:05:52,89.55,26,1,17.9,clear sky
594,Pitimbu,BR,-7.4706,-34.8086,2022-06-18 19:05:52,82.99,76,14,8.61,few clouds
595,Fomboni,KM,-12.28,43.7425,2022-06-18 19:05:53,78.42,66,22,14.88,few clouds
596,Cururupu,BR,-1.8283,-44.8683,2022-06-18 19:05:53,84.85,60,98,6.46,overcast clouds
597,Woodstock,CA,43.1334,-80.7497,2022-06-18 19:05:53,66.07,70,0,3.0,clear sky
598,Foumban,CM,5.7291,10.9001,2022-06-18 19:05:54,63.61,95,100,2.1,light rain
599,Marrakesh,MA,31.6315,-8.0083,2022-06-18 19:03:29,93.27,36,0,9.22,clear sky
600,Nalut,LY,30.3333,10.85,2022-06-18 19:02:17,87.13,13,42,9.42,scattered clouds
601,Amapa,BR,1.0,-52.0,2022-06-18 19:06:54,80.62,86,11,4.83,moderate rain
602,Kemi,FI,65.8596,24.8228,2022-06-18 19:06:55,55.17,82,100,3.44,light intensity shower rain
603,Marigot,MF,18.0667,-63.0833,2022-06-18 19:06:55,87.58,58,20,11.5,few clouds
604,Portage,US,41.1667,-81.1998,2022-06-18 19:06:56,69.58,39,0,12.66,clear sky
605,Altamira,BR,-3.2033,-52.2064,2022-06-18 19:06:56,81.93,77,91,2.64,overcast clouds
606,Tiznit,MA,29.5833,-9.5,2022-06-18 19:06:56,79.66,47,47,5.03,scattered clouds
607,Chorozinho,BR,-4.3003,-38.4978,2022-06-18 19:06:57,81.23,74,97,5.39,overcast clouds
608,Mafinga,TZ,-7.25,35.0667,2022-06-18 19:06:57,67.69,50,31,6.13,scattered clouds
609,Baran,IN,25.1,76.5167,2022-06-18 19:06:57,83.01,71,66,9.71,broken clouds
610,Dzierzoniow,PL,50.7282,16.6514,2022-06-18 19:02:24,80.55,62,45,9.55,scattered clouds
611,Susehri,TR,40.1644,38.0867,2022-06-18 19:06:58,60.6,88,0,4.34,clear sky
612,Chany,RU,55.3121,76.7647,2022-06-18 19:06:58,55.56,91,22,5.32,few clouds
613,Youghal,IE,51.95,-7.8506,2022-06-18 19:06:59,59.09,63,100,12.46,overcast clouds
614,George Town,MY,5.4112,100.3354,2022-06-18 19:06:09,79.9,91,20,0.0,few clouds
615,Harer,ET,9.3094,42.1258,2022-06-18 19:06:59,60.55,75,26,6.31,scattered clouds
616,Ust-Tsilma,RU,65.441,52.1498,2022-06-18 19:07:00,57.69,74,81,3.33,broken clouds
617,Oussouye,SN,12.485,-16.5469,2022-06-18 19:07:00,78.96,70,100,11.39,overcast clouds
618,Marysville,US,48.0518,-122.1771,2022-06-18 19:06:27,59.32,88,100,3.44,mist
619,Carlibaba,RO,47.5833,25.1333,2022-06-18 19:07:01,51.89,87,14,2.15,few clouds
620,Porto Santo,PT,33.072,-16.3415,2022-06-18 19:07:01,70.18,83,40,12.66,scattered clouds
621,Asyut,EG,27.181,31.1837,2022-06-18 19:07:01,87.78,22,0,12.62,clear sky
622,Xai-Xai,MZ,-25.0519,33.6442,2022-06-18 19:07:02,64.62,66,0,11.83,clear sky
623,Hammerfest,NO,70.6634,23.6821,2022-06-18 19:07:02,54.05,58,40,12.66,scattered clouds
624,Karatau,KZ,43.1667,70.4667,2022-06-18 19:07:03,73.63,22,9,3.51,clear sky
625,Salta,AR,-24.7859,-65.4117,2022-06-18 19:07:03,58.57,42,27,7.0,scattered clouds
626,Lagunas,PE,-5.2269,-75.6753,2022-06-18 19:07:04,87.46,57,81,3.2,broken clouds
627,Ocho Rios,JM,18.4025,-77.1048,2022-06-18 19:07:04,84.79,68,100,14.7,overcast clouds
628,Ercis,TR,39.0287,43.3586,2022-06-18 19:07:04,66.15,37,0,4.38,clear sky
629,Jumla,NP,29.2747,82.1838,2022-06-18 19:07:05,60.87,83,100,1.81,overcast clouds
630,Correntina,BR,-13.3433,-44.6367,2022-06-18 19:07:05,90.34,14,0,6.82,clear sky
631,Dolgorukovo,RU,52.3195,38.3453,2022-06-18 19:07:05,57.72,87,8,3.18,clear sky
632,Balsas,BR,-7.5325,-46.0356,2022-06-18 19:07:06,92.52,31,8,4.32,clear sky
633,Bushehr,IR,28.9684,50.8385,2022-06-18 19:07:06,87.69,63,6,6.2,clear sky
634,Geraldton,AU,-28.7667,114.6,2022-06-18 19:02:59,63.01,72,40,13.8,scattered clouds
635,Seredka,RU,58.1584,28.1858,2022-06-18 19:07:07,58.75,91,100,9.28,overcast clouds
636,Raisio,FI,60.4859,22.169,2022-06-18 19:07:07,59.4,93,6,10.2,clear sky
637,Valverde Del Camino,ES,37.5751,-6.7543,2022-06-18 19:07:07,73.02,44,0,11.12,clear sky
638,Barra Do Bugres,BR,-15.0725,-57.1811,2022-06-18 19:07:08,83.07,54,55,3.15,broken clouds
639,Tucuman,AR,-26.8241,-65.2226,2022-06-18 19:07:08,69.8,30,100,1.14,overcast clouds
640,Callaway,US,30.153,-85.5699,2022-06-18 19:07:09,99.91,59,0,14.97,clear sky
641,Guane,CU,22.2025,-84.0875,2022-06-18 19:07:09,86.92,60,100,7.36,overcast clouds
642,Arroyo,ES,41.6096,-4.7969,2022-06-18 19:07:09,90.19,29,40,6.91,scattered clouds
643,Las Palmas,ES,28.4204,-14.0131,2022-06-18 19:07:10,70.59,78,0,18.41,clear sky
644,Ystad,SE,55.4297,13.8204,2022-06-18 19:07:11,61.54,79,100,7.52,overcast clouds
645,Leh,IN,34.1667,77.5833,2022-06-18 19:08:11,52.05,54,91,5.99,overcast clouds
646,Balkanabat,TM,39.5108,54.3671,2022-06-18 19:08:12,84.94,37,0,11.79,clear sky
647,Mangrol,IN,21.1167,70.1167,2022-06-18 19:08:12,84.61,78,92,14.63,overcast clouds
648,Norway,US,45.7869,-87.9037,2022-06-18 19:05:05,71.96,33,0,3.44,clear sky
649,Henties Bay,NA,-22.116,14.2845,2022-06-18 19:08:13,56.59,94,3,9.42,clear sky
650,Aguilas,ES,37.4063,-1.5829,2022-06-18 19:08:13,83.5,48,0,5.39,clear sky
651,Kanniyakumari,IN,8.0833,77.5667,2022-06-18 19:08:13,79.97,83,65,17.63,broken clouds
652,Conde,BR,-7.2597,-34.9075,2022-06-18 19:06:45,81.86,69,0,11.5,clear sky
653,Alta,NO,69.9689,23.2717,2022-06-18 19:08:14,54.66,54,100,8.05,overcast clouds
654,Damietta,EG,31.4165,31.8133,2022-06-18 19:08:14,75.61,70,0,13.8,clear sky
655,Kaniama,CD,-7.5667,24.1833,2022-06-18 19:08:15,73.81,34,49,2.91,scattered clouds
656,Saurimo,AO,-9.6608,20.3916,2022-06-18 19:08:15,65.16,34,25,4.97,scattered clouds
657,Osypenko,UA,46.9136,36.8253,2022-06-18 19:08:16,65.64,61,91,2.57,overcast clouds
658,Hamadan,IR,34.7992,48.5146,2022-06-18 19:08:16,74.46,23,0,5.75,clear sky
659,Dondo,MZ,-19.6094,34.7431,2022-06-18 19:08:17,65.71,86,0,5.93,clear sky
660,Beira,MZ,-19.8436,34.8389,2022-06-18 19:08:17,66.29,88,0,5.75,clear sky
661,Pokaran,IN,26.9167,71.9167,2022-06-18 19:08:17,90.59,46,99,9.89,overcast clouds
662,Cobourg,DE,50.2667,10.9667,2022-06-18 19:08:18,79.59,44,0,2.42,clear sky
663,Lewisporte,CA,49.2499,-55.0482,2022-06-18 19:08:18,63.55,82,100,17.0,overcast clouds
664,Bethal,ZA,-26.4579,29.4655,2022-06-18 19:08:18,48.54,38,0,5.46,clear sky
665,Akom,CM,2.6678,12.7109,2022-06-18 19:08:19,67.64,98,100,2.95,moderate rain
666,Andilamena,MG,-17.0167,48.5833,2022-06-18 19:08:19,57.99,98,29,3.98,scattered clouds
667,Bar Harbor,US,44.3876,-68.2039,2022-06-18 19:08:19,63.91,56,100,5.75,overcast clouds
668,Kizema,RU,61.113,44.8302,2022-06-18 19:08:20,47.14,92,36,3.31,scattered clouds
669,Neftcala,AZ,39.3742,49.2472,2022-06-18 19:08:20,74.05,64,0,4.45,clear sky
670,Severnyy,RU,50.677,36.5532,2022-06-18 19:08:21,62.64,77,0,2.24,clear sky
671,Cravo Norte,CO,6.3017,-70.2041,2022-06-18 19:08:21,83.55,70,98,3.2,overcast clouds
672,Calamar,CO,10.2511,-74.9146,2022-06-18 19:08:21,86.7,68,100,5.48,overcast clouds
673,Kabalo,CD,-6.05,26.9167,2022-06-18 19:08:22,79.11,35,21,2.86,few clouds
674,Vallenar,CL,-28.5708,-70.7581,2022-06-18 19:08:22,72.97,19,24,11.63,few clouds
675,Reconquista,AR,-29.15,-59.65,2022-06-18 19:08:22,62.17,34,17,7.38,few clouds
676,Barahona,DO,18.2085,-71.1008,2022-06-18 19:08:23,85.82,70,40,16.11,scattered clouds
677,Ati,TD,13.2154,18.3353,2022-06-18 19:08:23,89.4,45,99,16.46,overcast clouds
678,Wilmington,US,34.2257,-77.9447,2022-06-18 19:05:14,95.95,41,75,12.66,broken clouds
679,Telsiai,LT,55.9814,22.2472,2022-06-18 19:08:24,62.91,78,51,12.64,broken clouds
680,Czluchow,PL,53.6672,17.3588,2022-06-18 19:08:24,66.51,75,9,8.48,clear sky
681,Yumbo,CO,3.5823,-76.4915,2022-06-18 19:08:24,83.08,56,40,2.3,scattered clouds
682,Bandrele,YT,-12.9067,45.1914,2022-06-18 19:08:25,76.75,73,0,9.22,clear sky
683,Minab,IR,27.1467,57.0801,2022-06-18 19:07:15,92.17,66,0,5.46,clear sky
684,Morro Da Fumaca,BR,-28.6508,-49.21,2022-06-18 19:08:25,57.81,59,0,7.38,clear sky
685,Morant Bay,JM,17.8815,-76.4093,2022-06-18 19:08:26,88.72,79,99,13.89,overcast clouds
686,Muzambinho,BR,-21.3758,-46.5256,2022-06-18 19:08:26,65.28,73,100,7.56,overcast clouds
687,Salekhard,RU,66.53,66.6019,2022-06-18 19:08:26,60.15,88,100,6.82,overcast clouds
688,Vryburg,ZA,-26.9566,24.7284,2022-06-18 19:08:27,55.83,30,0,9.1,clear sky
689,Chimbote,PE,-9.0853,-78.5783,2022-06-18 19:05:00,67.86,66,7,12.35,clear sky
690,Santa Cruz Del Norte,CU,23.1539,-81.9236,2022-06-18 19:08:27,85.01,63,15,10.56,few clouds
691,Laurel,US,39.0993,-76.8483,2022-06-18 19:07:29,75.99,53,75,14.97,broken clouds
692,Linhares,BR,-19.3911,-40.0722,2022-06-18 19:09:28,85.41,33,0,2.8,clear sky
693,Boke,GN,10.9409,-14.2967,2022-06-18 19:09:28,73.09,99,100,3.33,heavy intensity rain
694,Visnes,NO,59.3556,5.2242,2022-06-18 19:09:29,56.82,67,20,19.57,few clouds
695,Talladega,US,33.4359,-86.1058,2022-06-18 19:09:29,90.9,48,40,10.36,scattered clouds
696,Tome,CL,-36.6167,-72.95,2022-06-18 19:09:29,50.61,58,100,5.03,overcast clouds
697,Pizarro,CO,4.9533,-77.366,2022-06-18 19:09:30,80.92,78,100,9.78,light rain
698,Tukrah,LY,32.5341,20.5791,2022-06-18 19:09:30,74.17,70,0,7.02,clear sky
699,Pucallpa,PE,-8.3791,-74.5539,2022-06-18 19:09:31,86.04,62,75,3.44,broken clouds
700,Navlya,RU,52.8281,34.4989,2022-06-18 19:09:31,60.94,78,100,4.09,overcast clouds
701,Lithakia,GR,37.7167,20.8333,2022-06-18 19:09:31,74.57,83,20,0.0,few clouds
702,Imbituba,BR,-28.24,-48.6703,2022-06-18 19:09:32,61.86,69,0,10.0,clear sky
703,Kano,NG,12.0001,8.5167,2022-06-18 19:09:32,87.04,41,100,2.8,overcast clouds
704,Polunochnoye,RU,60.8697,60.4153,2022-06-18 19:09:32,57.88,87,100,2.26,overcast clouds
705,Nuuk,GL,64.1835,-51.7216,2022-06-18 19:06:40,39.76,94,100,13.73,light rain
706,Puerto Baquerizo Moreno,EC,-0.9,-89.6,2022-06-18 19:09:33,76.19,73,75,14.97,broken clouds
707,Oschersleben,DE,52.0333,11.25,2022-06-18 19:09:33,81.66,63,4,4.47,clear sky
708,Bindura,ZW,-17.3019,31.3306,2022-06-18 19:09:34,55.42,72,5,1.48,clear sky
709,Kanash,RU,55.5086,47.4956,2022-06-18 19:09:34,54.64,92,0,7.27,clear sky
